year,r
2000,0.470917
2001,-0.184178
2002,-0.168623
2003,0.050103
2004,-0.114191
2005,-0.136488
2006,1.049586
2007,1.201703
2008,-0.615869
2009,0.650621
2010,-0.116238
2011,-0.209790
2012,-0.055220
2013,0.018222
2014,0.384189
2015,0.184176
2016,-0.110039
2017,0.043668
2018,-0.219740
2019,0.152597
2020,0.147753
2021,0.066865
2022,-0.135541
2023,-0.057507
2024,0.146779
2025,0.153340
2026,0.040272
