year,r
2005,-0.076600
2006,1.210200
2007,1.615500
2008,-0.659500
2009,0.967100
2010,-0.125100
2011,-0.250100
2012,0.075500
2013,-0.076500
2014,0.516600
2015,0.055800
2016,-0.112800
2017,0.217800
2018,-0.253100
2019,0.360700
2020,0.272100
2021,-0.052000
2022,-0.216300
2023,-0.113800
2024,0.146800
2025,0.176600
